_ID,TimeSt,Country,Province,City,Latitude,Longitude
4516516,00:00.1,CA,ON,Waterloo,43.49347,-80.49123
4516547,00:00.2,CA,ON,London,42.9399,-81.2709
4516550,00:00.3,CA,ON,Guelph,43.5776,-80.2201
4516600,00:00.3,CA,ON,Stratford,43.3716,-80.9773
4516613,00:00.5,CA,ON,Stratford,43.3716,-80.9773
4516693,00:00.6,CA,ON,Kitchener,43.4381,-80.5099
4516771,00:00.9,CA,ON,Sarnia,42.961,-82.373
4516831,00:00.9,CA,ON,London,43.0091,-81.1765
4516915,00:01.3,CA,ON,London,43.0091,-81.1765
4516953,00:01.7,CA,ON,Kitchener,43.4278,-80.5135
4516966,00:01.8,CA,ON,Kitchener,43.4381,-80.5099
4517044,00:00.3,CA,ON,Windsor,42.2825,-83.0372
4517047,00:00.9,CA,ON,London,43.0091,-81.1765
4517081,00:00.8,CA,ON,Windsor,42.24397,-82.98058
4517175,00:01.1,CA,ON,Saint Thomas,42.7792,-81.1927
4517220,00:01.2,CA,ON,Waterloo,43.4634,-80.5201
4517250,00:01.4,CA,ON,Chatham,42.4247,-82.1755
4517303,00:00.3,CA,ON,Windsor,42.2957,-82.9599
4517326,00:00.4,CA,ON,Guelph,43.5425,-80.2676
4517347,00:00.3,CA,ON,Windsor,42.2957,-82.9599
4517349,00:00.4,CA,ON,Chatham,42.4247,-82.1755
4517420,00:00.4,CA,ON,Guelph,43.5215,-80.2338
4517466,00:01.2,CA,ON,Waterloo,43.4678,-80.584
4517518,00:01.3,CA,ON,Waterloo,43.4634,-80.5201
4517538,00:01.4,CA,ON,Kitchener,43.4453,-80.4905
4517607,00:01.6,CA,ON,Chatham,42.4247,-82.1755
4517697,00:01.8,CA,ON,Windsor,42.3262,-82.9084
4517720,00:01.8,CA,ON,Kitchener,43.4397,-80.434
4517809,00:00.0,CA,ON,London,43.0346,-81.2554
4517811,00:00.1,CA,ON,Cambridge,43.4194,-80.3255
4517905,00:00.2,CA,ON,Windsor,42.2957,-82.9599
4517999,00:00.6,CA,ON,Kitchener,43.4553,-80.4845
4518000,00:00.7,CA,ON,Kitchener,43.4676,-80.4847
4518002,00:00.9,CA,ON,Kitchener,43.4397,-80.434
4518061,00:01.1,CA,ON,Waterloo,43.4678,-80.584
4518130,00:01.3,CA,ON,London,43.0004,-81.2343
4518153,00:01.4,CA,ON,Guelph,43.5425,-80.2676
4518179,00:00.7,CA,ON,Kitchener,43.4676,-80.4847
4518212,00:01.4,CA,ON,Kitchener,43.4278,-80.5135
4518264,00:01.5,CA,ON,Cambridge,43.3842,-80.2968
4518329,00:01.8,CA,ON,London,42.9399,-81.2709
4518395,00:02.1,CA,ON,Windsor,42.2908,-82.987
4518430,00:02.5,CA,ON,Brantford,43.1772,-80.248
4518434,00:02.6,CA,ON,Guelph,43.5776,-80.2201
4518512,00:02.8,CA,ON,London,42.9611,-81.2431
4518585,00:02.8,CA,ON,Guelph,43.5776,-80.2201
4518676,00:02.9,CA,ON,Kitchener,43.4397,-80.434
4518758,00:02.9,CA,ON,Kitchener,43.4397,-80.434
4518814,00:03.8,CA,ON,Cambridge,43.3842,-80.2968
4518832,00:03.9,CA,ON,Kitchener,43.4397,-80.434
4518887,00:04.0,CA,ON,Waterloo,43.4634,-80.5201
4518918,00:04.2,CA,ON,London,42.9399,-81.2709
4518952,00:00.2,CA,ON,Kitchener,43.4193,-80.3826
4518992,00:00.4,CA,ON,Waterloo,43.4678,-80.584
4519004,00:00.7,CA,ON,Tillsonburg,42.86185,-80.72991
4519038,00:00.8,CA,ON,Windsor,42.2287,-83.0182
4519066,00:00.7,CA,ON,Tillsonburg,42.86185,-80.72991
4519097,00:00.8,CA,ON,London,42.9399,-81.2709
4519118,00:00.9,CA,ON,Windsor,42.2287,-83.0182
4519156,00:01.0,CA,ON,Windsor,42.2287,-83.0182
4519209,00:01.3,CA,ON,Hanover,44.1517,-81.0266
4519287,00:01.4,CA,ON,Kitchener,43.3904,-80.4317
4519378,00:02.3,CA,ON,Kitchener,43.4397,-80.434
4519477,00:02.7,CA,ON,Windsor,42.2957,-82.9599
4519555,00:03.9,CA,ON,Waterloo,43.4663,-80.5402
4519604,00:04.2,CA,ON,Kitchener,43.4193,-80.3826
4519633,00:04.3,CA,ON,London,42.9699,-81.2081
4519710,00:04.4,CA,ON,Kitchener,43.2994,-80.4496
4519736,00:01.9,CA,ON,Kitchener,43.4381,-80.5099
4519766,00:02.1,CA,ON,Windsor,42.2545,-82.9809
4519856,00:02.1,CA,ON,Kitchener,43.4453,-80.4905
4519930,00:02.3,CA,ON,London,43.0004,-81.2343
4520019,00:02.4,CA,ON,Guelph,43.5776,-80.2201
4520085,00:02.4,CA,ON,Windsor,42.2654,-83.0261
4520130,00:02.5,CA,ON,London,43.0091,-81.1765
4520149,00:02.5,CA,ON,Guelph,43.5776,-80.2201
4520192,00:02.7,CA,ON,Guelph,43.5776,-80.2201
4520202,00:02.4,CA,ON,Windsor,42.2654,-83.0261
4520296,00:03.4,CA,ON,London,43.0091,-81.1765
4520345,00:03.6,CA,ON,Windsor,42.2654,-83.0261
4520349,00:03.8,CA,ON,Kitchener,43.4553,-80.4845
4520395,00:04.0,CA,ON,Kitchener,43.4397,-80.434
4520446,00:04.4,CA,ON,London,43.0061,-81.2962
4520494,00:03.6,CA,ON,Windsor,42.2654,-83.0261
4520587,00:04.8,CA,ON,Chatham,42.3778,-82.1897
4520685,00:04.9,CA,ON,Kitchener,43.4193,-80.3826
4520740,00:04.9,CA,ON,Kitchener,43.4193,-80.3826
4520751,00:05.0,CA,ON,London,42.993,-81.169
4520821,00:05.1,CA,ON,Sarnia,42.96866,-82.40455
4520907,00:05.7,CA,ON,London,43.0091,-81.1765
4520995,00:05.7,CA,ON,London,43.0091,-81.1765
4521090,00:06.1,CA,ON,Windsor,42.2545,-82.9809
4521119,00:06.1,CA,ON,Kitchener,43.4381,-80.5099
4521184,00:06.1,CA,ON,London,42.9923,-81.2531
4521232,00:06.1,CA,ON,Windsor,42.2545,-82.9809
4521259,00:06.6,CA,ON,London,43.0061,-81.2962
4521353,00:06.7,CA,ON,Windsor,42.3159,-83.0311
4521387,00:02.2,CA,ON,Kitchener,43.4453,-80.4905
4521468,00:02.3,CA,ON,Kitchener,43.4453,-80.4905
4521539,00:02.5,CA,ON,Kitchener,43.4553,-80.4845
4521574,00:02.6,CA,ON,Brantford,43.1508,-80.2094
4521618,00:02.7,CA,ON,Cambridge,43.3653,-80.3066
4521682,00:02.7,CA,ON,London,42.9611,-81.2431
4521726,00:02.8,CA,ON,Cambridge,43.3653,-80.3066
4521780,00:02.8,CA,ON,Cambridge,43.3653,-80.3066
4521790,00:02.8,CA,ON,Kitchener,43.4397,-80.434
4521875,00:02.9,CA,ON,Kitchener,43.4397,-80.434
4521970,00:02.9,CA,ON,Kitchener,43.4397,-80.434
4521978,00:03.1,CA,ON,London,42.9529,-81.3239
4522004,00:03.7,CA,ON,Guelph,43.5776,-80.2201
4522040,00:03.8,CA,ON,Kitchener,43.4397,-80.434
4522138,00:03.7,CA,ON,Guelph,43.5776,-80.2201
4522160,00:04.0,CA,ON,Cambridge,43.3653,-80.3066
4522231,00:04.4,CA,ON,Chatham,42.4247,-82.1755
4522296,00:05.0,CA,ON,Goderich,43.7479,-81.702
4522376,00:05.1,CA,ON,Waterloo,43.4634,-80.5201
4522431,00:05.2,CA,ON,London,43.0004,-81.2343
4522487,00:05.3,CA,ON,Waterloo,43.4737,-80.5309
4522500,00:05.4,CA,ON,Brantford,43.1772,-80.248
4522528,00:05.6,CA,ON,Woodstock,43.1327,-80.7449
4522564,00:05.6,CA,ON,Woodstock,43.1327,-80.7449
4522656,00:05.9,CA,ON,Waterloo,43.499,-80.5063
4522680,00:06.7,CA,ON,Chatham,42.4247,-82.1755
4522747,00:06.9,CA,ON,Waterloo,43.4634,-80.5201
4522806,00:07.0,CA,ON,Waterloo,43.4634,-80.5201
4522855,00:02.2,CA,ON,Kitchener,43.4134,-80.496
4522895,00:02.3,CA,ON,Kitchener,43.4397,-80.434
4522945,00:02.3,CA,ON,Kitchener,43.4397,-80.434
4522946,00:02.6,CA,ON,Chatham,42.4247,-82.1755
4523019,00:02.7,CA,ON,Kitchener,43.4553,-80.4845
4523104,00:02.7,CA,ON,London,42.9611,-81.2431
4523121,00:02.8,CA,ON,Windsor,42.2654,-83.0261
4523184,00:02.8,CA,ON,London,42.9611,-81.2431
4523251,00:03.8,CA,ON,Guelph,43.5425,-80.2676
4523347,00:03.9,CA,ON,Kitchener,43.4397,-80.434
4523389,00:03.9,CA,ON,Kitchener,43.4397,-80.434
4523439,00:04.0,CA,ON,Guelph,43.5544,-80.2969
4523455,00:04.4,CA,ON,London,43.0091,-81.1765
4523508,00:04.4,CA,ON,London,43.0091,-81.1765
4523561,00:04.4,CA,ON,London,43.0061,-81.2962
4523593,00:04.8,CA,ON,Cambridge,43.3677,-80.338
4523685,00:04.4,CA,ON,London,43.0061,-81.2962
4523720,00:05.1,CA,ON,Guelph,43.5776,-80.2201
4523782,00:05.3,CA,ON,Guelph,43.5215,-80.2338
4523866,00:05.5,CA,ON,Waterloo,43.4737,-80.5309
4523953,00:05.6,CA,ON,London,43.0061,-81.2962
4523994,00:05.6,CA,ON,London,43.0061,-81.2962
4524010,00:05.7,CA,ON,Windsor,42.2654,-83.0261
4524024,00:06.0,CA,ON,Cambridge,43.4471,-80.0828
4524055,00:06.1,CA,ON,Cambridge,43.4471,-80.0828
4524106,00:06.1,CA,ON,Windsor,42.2654,-83.0261
4524183,00:06.1,CA,ON,Windsor,42.2654,-83.0261
4524225,00:06.3,CA,ON,Woodstock,43.13375,-80.74328
4524238,00:06.4,CA,ON,London,42.9923,-81.2531
4524303,00:06.5,CA,ON,Chatham,42.3778,-82.1897
4524358,00:06.8,CA,ON,London,42.9832,-81.2847
4524446,00:07.0,CA,ON,Kitchener,43.391,-80.441
4524506,00:07.1,CA,ON,Kitchener,43.4233,-80.5383
4524565,00:07.1,CA,ON,Kitchener,43.4233,-80.5383
4524580,00:07.1,CA,ON,Kitchener,43.4284,-80.4311
4524615,00:04.5,CA,ON,Kitchener,43.4381,-80.5099
4524646,00:05.4,CA,ON,Brantford,43.1772,-80.248
4524688,00:06.0,CA,ON,Kitchener,43.4381,-80.5099
4524714,00:06.1,CA,ON,Cambridge,43.4471,-80.0828
4524786,00:06.5,CA,ON,Windsor,42.3159,-83.0311
4524796,00:06.7,CA,ON,Kitchener,43.4134,-80.496
4524844,00:07.1,CA,ON,Windsor,42.3265,-82.9119
4524928,00:04.9,CA,ON,Kitchener,43.44144,-80.50167
4524939,00:05.4,CA,ON,Kitchener,43.4453,-80.4905
4524947,00:06.2,CA,ON,Kitchener,43.4306,-80.4877
4524955,00:06.7,CA,ON,Guelph,43.5776,-80.2201
4525025,00:06.8,CA,ON,Sarnia,42.9864,-82.3638
4525101,00:07.3,CA,SK,Saskatoon,52.1225,-106.72488
4525142,00:08.3,CA,ON,Brampton,43.78,-79.74
4525216,00:07.0,CA,ON,Kitchener,43.4631,-80.4493
4525261,00:07.1,CA,ON,London,42.9923,-81.2531
4525324,00:07.0,CA,ON,Waterloo,43.4634,-80.5201
4525348,00:07.0,CA,ON,Kitchener,43.4631,-80.4493
4525382,00:07.1,CA,ON,Windsor,42.3297,-82.9482
4525479,00:14.5,CA,AB,Edmonton,53.42688,-113.47175
4525558,00:18.7,CA,SK,Saskatoon,52.1225,-106.72488
4525589,00:20.9,CA,AB,Calgary,51.1414,-114.076
4525612,00:20.9,CA,AB,Edmonton,53.587,-113.441
4525657,00:20.9,CA,AB,Calgary,51.1414,-114.076
4525746,00:21.1,CA,ON,Waterloo,43.4678,-80.584
4525757,00:21.1,CA,ON,Guelph,43.5776,-80.2201
4525800,00:21.3,CA,ON,Ancaster,43.208,-79.9652
4525862,00:21.5,CA,ON,Burlington,43.3889,-79.7682
4525869,00:21.5,CA,AB,Edmonton,53.61601,-113.45364
4525953,00:21.5,CA,ON,Burlington,43.3889,-79.7682
4526024,00:21.6,CA,AB,Calgary,51.0419,-114.2
4526111,00:21.6,CA,AB,Lethbridge,49.6994,-112.822
4526136,00:21.7,CA,ON,Burlington,43.332,-79.807
4526210,00:22.8,CA,ON,Brampton,43.7796,-79.7681
4526284,00:20.7,CA,QC,Saint-Nicolas,46.72072,-71.30409
4526337,00:21.3,CA,ON,Mississauga,43.5414,-79.6824
4526366,00:20.7,CA,QC,Saint-Nicolas,46.72072,-71.30409
4526420,00:21.6,CA,AB,Calgary,50.9722,-114.062
4526426,00:21.6,CA,QC,Saint-Nicolas,46.72072,-71.30409
4526443,00:21.7,CA,AB,Calgary,50.93982,-114.03211
4526505,00:21.9,CA,ON,North York,43.787,-79.4169
4526599,00:22.9,CA,ON,Ancaster,43.208,-79.9652
4526625,00:21.4,CA,ON,Ancaster,43.208,-79.9652
4526695,00:21.5,CA,ON,Etobicoke,43.69971,-79.53618
4526697,00:22.9,CA,ON,Ancaster,43.208,-79.9652
4526775,00:21.6,CA,AB,Rocky Mountain House,52.38629,-114.92294
4526821,00:21.6,CA,AB,Calgary,50.9722,-114.062
4526865,00:22.4,CA,ON,Mississauga,43.5812,-79.6323
4526950,00:23.5,CA,AB,Calgary,50.9093,-114.1028
4527041,00:24.7,CA,ON,London,42.993,-81.169
4527101,00:25.7,CA,ON,Toronto,43.6466,-79.4493
4527148,00:20.9,CA,AB,Airdrie,51.27979,-114.00324
4527192,00:21.1,CA,ON,Toronto,43.6682,-79.4209
4527235,00:21.2,CA,ON,Waterloo,43.4737,-80.5309
4527246,00:21.5,CA,AB,Edmonton,53.60494,-113.41719
4527267,00:21.6,CA,AB,Calgary,51.17119,-114.1577
4527342,00:21.5,CA,AB,Edmonton,53.60494,-113.41719
4527346,00:23.4,CA,ON,Sudbury,46.5213,-80.947
4527396,00:25.9,CA,AB,Calgary,51.0494,-113.9564
4527441,00:21.1,CA,ON,Burlington,43.375,-79.8434
4527443,00:21.4,CA,ON,Brampton,43.71144,-79.76698
4527536,00:21.5,CA,AB,Edmonton,53.5105,-113.37
4527537,00:21.7,CA,AB,Brooks,50.58495,-111.89101
4527556,00:23.0,CA,ON,Mississauga,43.72139,-79.64403
4527583,00:24.6,CA,AB,Edmonton,53.4398,-113.53742
4527587,00:25.1,CA,AB,Calgary,51.0876,-114.0214
4527628,00:26.1,CA,ON,Thunder Bay,48.3738,-89.2779
4527720,00:26.1,CA,ON,North York,43.7576,-79.461
4527727,00:23.6,CA,AB,Edmonton,53.4564,-113.521
4527798,00:24.4,CA,AB,Edmonton,53.4398,-113.53742
4527807,00:25.4,CA,ON,North York,43.76164,-79.50135
4527830,00:26.1,CA,QC,Saint-Laurent,45.5057,-73.6814
4527882,00:26.2,CA,ON,Dundas,43.2649,-79.9555
4527890,00:25.9,CA,ON,Toronto,43.6466,-79.4493
4527967,00:26.2,CA,ON,Toronto,43.6769,-79.3784
4528009,00:28.0,CA,AB,Calgary,51.0823,-113.9578
4528078,00:28.8,CA,ON,Burlington,43.34442,-79.79248
4528166,00:26.1,CA,AB,Calgary,50.9412,-114.114
4528260,00:28.9,CA,BC,Coquitlam,49.2368,-122.8804
4528350,00:29.3,CA,QC,Montréal,45.5884,-73.5641
4528413,00:28.9,CA,BC,Coquitlam,49.2368,-122.8804
4528470,00:26.1,CA,ON,Scarborough,43.7997,-79.3209
4528481,00:26.1,CA,ON,Toronto,43.6466,-79.4493
4528557,00:26.1,CA,AB,Calgary,50.8965,-114.08
4528651,00:29.0,CA,AB,Edmonton,53.4688,-113.508
4528676,00:28.3,CA,AB,Calgary,51.133,-113.856
4528678,00:29.0,CA,AB,Edmonton,53.54813,-113.59428
4528767,00:29.5,CA,ON,Markham,43.8601,-79.3341
4528809,00:31.3,CA,AB,Spruce Grove,53.54628,-113.88183
4528850,00:29.2,CA,AB,Calgary,51.15648,-114.07926
4528914,00:26.1,CA,AB,Calgary,50.8965,-114.08
4528952,00:29.6,CA,ON,Brampton,43.7796,-79.7681
4529001,00:29.9,CA,ON,Markham,43.8412,-79.3262
4529076,00:33.2,CA,AB,Bonnyville,54.26948,-110.72649
4529149,00:29.7,CA,ON,Mississauga,43.56864,-79.63094
4529202,00:34.3,CA,AB,Edmonton,53.5327,-113.626
4529220,00:33.0,CA,AB,Leduc,53.2668,-113.552
4529292,00:34.0,CA,AB,Calgary,51.133,-113.856
4529367,00:32.7,CA,AB,Edmonton,53.55848,-113.49825
4529461,00:36.3,CA,ON,Windsor,42.2545,-82.9809
4529554,00:36.0,CA,ON,Concord,43.81264,-79.50514
4529643,00:36.7,CA,AB,Calgary,50.8921,-113.97745
4529710,00:36.0,CA,QC,Quebec,46.84495,-71.42651
4529735,00:36.2,CA,ON,Lindsay,44.357,-78.7405
4529826,00:36.6,CA,AB,Edmonton,53.4688,-113.508
4529862,00:36.7,CA,AB,Calgary,51.04745,-114.1805
4529945,00:36.8,CA,AB,Lethbridge,49.67346,-112.89122
4529963,00:36.0,CA,QC,Quebec,46.84495,-71.42651
4530039,00:36.9,CA,ON,Markham,43.85883,-79.29809
4530051,00:37.7,CA,ON,Oshawa,43.89029,-78.81588
4530079,00:38.0,CA,AB,Spruce Grove,53.56082,-113.88283
4530117,00:38.3,CA,ON,Markham,43.85883,-79.29809
4530158,00:36.7,CA,ON,Brampton,43.7601,-79.73681
4530203,00:36.7,CA,ON,North York,43.7224,-79.4454
4530252,00:36.8,CA,AB,Beaumont,53.34991,-113.40827
4530326,00:36.9,CA,AB,Calgary,51.0656,-114.063
4530366,00:37.0,CA,AB,Edmonton,53.58564,-113.39449
4530373,00:38.7,CA,BC,Vancouver,49.24157,-123.09776
4530411,00:39.5,CA,ON,Thornhill,43.8395,-79.3831
4530503,00:36.6,CA,AB,Calgary,50.8837,-114.0326
4530595,00:36.7,CA,AB,Calgary,51.07,-114.0297
4530606,00:36.9,CA,AB,Fort Mcmurray,56.7377,-111.438
4530674,00:37.1,CA,ON,Thornhill,43.8395,-79.3831
4530743,00:38.0,CA,AB,Calgary,50.8476,-114.1958
4530820,00:39.0,CA,NB,Moncton,46.1183,-64.7338
4530905,00:39.1,CA,AB,Calgary,51.0412,-114.0762
4530921,00:41.1,CA,ON,Yarmouth,42.7671,-81.1534
4530927,00:38.4,CA,AB,Fort Mcmurray,56.7141,-111.38
4530982,00:41.1,CA,ON,Yarmouth,42.7671,-81.1534
4531063,00:38.7,CA,QC,Victoriaville,46.0672,-71.9596
4531095,00:38.9,CA,QC,Victoriaville,46.0672,-71.9596
4531193,00:39.3,CA,AB,Calgary,51.04176,-113.99981
4531255,00:40.0,CA,ON,North York,43.7677,-79.4126
4531256,00:40.9,CA,SK,Saskatoon,52.1225,-106.72488
4531268,00:41.2,CA,ON,Concord,43.8031,-79.49185
4531295,00:36.5,CA,ON,Cobourg,43.9645,-78.1712
4531337,00:36.6,CA,ON,Toronto,43.71171,-79.46788
4531373,00:36.7,CA,AB,Calgary,51.1581,-113.938
4531443,00:36.6,CA,ON,Toronto,43.71171,-79.46788
4531513,00:37.2,CA,ON,Thornhill,43.8395,-79.3831
4531541,00:37.6,CA,ON,Dundas,43.2649,-79.9555
4531598,00:39.5,CA,ON,Cambridge,43.39914,-80.32011
4531631,00:38.7,CA,ON,Burlington,43.303,-79.7988
4531653,00:41.2,CA,ON,Ingersoll,43.0467,-80.8717
4531745,00:41.3,CA,ON,Markham,43.90594,-79.25172
4531777,00:42.4,CA,ON,Chatham,42.3778,-82.1897
4531798,00:39.8,CA,AB,St Albert,53.62972,-113.58817
4531843,00:41.7,CA,AB,Red Deer,52.2651,-113.794
4531849,00:42.7,CA,ON,Granton,43.20317,-81.22517
4531924,00:43.6,CA,AB,Calgary,51.0494,-113.9564
4531954,00:45.4,CA,AB,Sherwood Park,53.528,-113.2512
4532007,00:43.2,CA,AB,Beaumont,53.35872,-113.4055
4532091,00:44.1,CA,AB,Duchess,50.73108,-111.91317
4532186,00:45.3,CA,AB,Edmonton,53.41541,-113.4178
4532249,00:47.0,CA,QC,Drummondville,45.865,-72.5036
4532274,00:43.3,CA,BC,Surrey,49.13399,-122.88482
4532333,00:44.6,CA,ON,Scarborough,43.682,-79.2801
4532357,00:45.3,CA,AB,Edmonton,53.41541,-113.4178
4532402,00:42.5,CA,AB,Calgary,50.8476,-114.1958
4532470,00:43.4,CA,AB,Calgary,51.0475,-114.068
4532497,00:43.4,CA,AB,Calgary,51.0475,-114.068
4532563,00:44.2,CA,SK,Coronach,49.1124,-105.52416
4532586,00:46.7,CA,ON,Sudbury,46.47964,-81.05822
4532616,00:44.5,CA,ON,Toronto,43.6459,-79.3857
4532650,00:47.0,CA,QC,Drummondville,45.865,-72.5036
4532732,00:46.6,CA,AB,Calgary,50.9093,-114.1028
4532757,00:43.4,CA,AB,Calgary,51.0475,-114.068
4532853,00:45.9,CA,AB,Calgary,51.0571,-114.077
4532884,00:48.8,CA,ON,Latchford,47.3253,-79.81163
4532909,00:49.8,CA,AB,Edmonton,53.6313,-113.5245
4532991,00:50.2,CA,AB,Calgary,50.95738,-114.22057
4533048,00:49.8,CA,AB,Edmonton,53.6313,-113.5245
4533139,00:47.1,CA,ON,Sudbury,46.47964,-81.05822
4533144,00:49.3,CA,AB,Calgary,50.9722,-114.062
4533227,00:50.4,CA,AB,Edmonton,53.54813,-113.59428
4533231,00:51.2,CA,ON,Mississauga,43.5769,-79.6283
4533268,00:52.2,CA,ON,Thornhill,43.8395,-79.3831
4533334,00:51.1,CA,ON,Toronto,43.6682,-79.4209
4533374,00:47.9,CA,ON,North York,43.73486,-79.45085
4533450,00:51.1,CA,ON,Mississauga,43.5769,-79.6283
4533548,00:51.4,CA,ON,North York,43.7613,-79.4885
4533630,00:51.0,CA,AB,Edmonton,53.55848,-113.49825
4533689,00:51.1,CA,ON,Toronto,43.6682,-79.4209
4533776,00:51.2,CA,ON,Toronto,43.64544,-79.39649
4533843,00:51.8,CA,AB,Sherwood Park,53.5263,-113.287
4533920,00:51.9,CA,AB,Sherwood Park,53.5263,-113.287
4533995,00:53.0,CA,SK,Prince Albert,53.23738,-105.45485
4534008,00:53.8,CA,AB,Sherwood Park,53.51803,-113.29858
4534106,00:52.8,CA,SK,Saskatoon,52.1225,-106.72488
4534173,00:53.0,CA,ON,Thornhill,43.8395,-79.3831
4534272,00:53.2,CA,ON,Mississauga,43.6046,-79.6729
4534273,00:53.7,CA,QC,Montréal-Nord,45.6168,-73.61798
4534285,00:54.0,CA,ON,Perth,44.9049,-76.2594
4534309,00:55.0,CA,ON,Toronto,43.7068,-79.3991
4534383,00:55.2,CA,AB,Fort Mcmurray,56.74308,-111.47651
4534410,00:55.4,CA,QC,Pierrefonds,45.4556,-73.9201
4534440,00:52.6,CA,AB,Calgary,51.03874,-113.9856
4534503,00:52.8,CA,ON,North York,43.787,-79.4169
4534509,00:56.5,CA,AB,Calgary,51.0876,-114.0214
4534602,00:57.1,CA,AB,Red Deer,52.2529,-113.807
4534619,00:52.8,CA,ON,North York,43.787,-79.4169
4534641,00:52.7,CA,AB,Edmonton,53.4593,-113.4145
4534704,00:55.0,CA,AB,Spruce Grove,53.5562,-113.93564
4534788,00:56.1,CA,AB,Derwent,53.73779,-110.72429
4534835,00:56.8,CA,AB,Calgary,51.0823,-113.9578
4534884,00:52.3,CA,AB,Fort Mcmurray,56.7377,-111.438
4534904,00:52.8,CA,ON,Toronto,43.6682,-79.4209
4534942,00:53.0,CA,SK,Saskatoon,52.1225,-106.72488
4534995,00:53.5,CA,ON,Gananoque,44.34061,-76.19576
4535091,00:54.2,CA,AB,Calgary,51.049,-113.9622
4535130,00:52.3,CA,AB,Fort Mcmurray,56.7377,-111.438
4535155,00:54.9,CA,NB,Fredericton,45.9346,-66.6323
4535192,00:55.1,CA,ON,Burlington,43.41318,-79.81299
4535228,00:57.1,CA,ON,Toronto,43.6666,-79.3823
4535323,00:54.0,CA,ON,Toronto,43.6682,-79.4209
4535378,00:54.7,CA,AB,Edmonton,53.587,-113.441
4535473,00:55.2,CA,BC,Prince George,53.9448,-122.752
4535534,00:54.0,CA,ON,Toronto,43.6682,-79.4209
4535605,00:55.6,CA,ON,Newmarket,44.0587,-79.4591
4535665,00:56.7,CA,ON,Brampton,43.6656,-79.747
4535717,00:58.4,CA,BC,Vancouver,49.2501,-123.038
4535757,00:57.0,CA,AB,Calgary,51.1264,-114.1419
4535779,00:59.0,CA,QC,Montréal,45.5047,-73.5558
4535817,00:59.3,CA,AB,Red Deer,52.2722,-113.83
4535906,01:00.6,CA,ON,Whitby,43.8866,-78.975
4535953,00:59.3,CA,AB,Edmonton,53.54813,-113.59428
4535967,01:01.0,CA,AB,Calgary,51.0378,-114.08
4536056,00:58.7,CA,AB,Red Deer,52.2468,-113.788
4536077,01:01.0,CA,SK,Saskatoon,52.1225,-106.72488
4536145,01:01.8,CA,AB,Leduc,53.2617,-113.549
4536237,00:59.2,CA,ON,Newmarket,44.039,-79.4724
4536242,00:59.4,CA,ON,Newmarket,44.039,-79.4724
4536301,01:01.8,CA,AB,Leduc,53.2617,-113.549
4536328,01:01.5,CA,SK,Saskatoon,52.1225,-106.72488
4536371,01:00.1,CA,AB,Edmonton,53.587,-113.441
4536406,01:01.0,CA,AB,Calgary,51.0378,-114.08
4536489,01:02.6,CA,ON,Toronto,43.6459,-79.3857
4536536,01:04.3,CA,SK,Saskatoon,52.1225,-106.72488
4536623,01:05.2,CA,AB,Calgary,50.9505,-113.947
4536708,00:59.4,CA,ON,Newmarket,44.039,-79.4724
4536740,01:06.3,CA,ON,Kingston,44.2308,-76.4966
4536827,01:06.5,CA,ON,Oshawa,43.90635,-78.87251
4536856,01:06.6,CA,ON,Mississauga,43.5769,-79.6283
4536873,01:07.1,CA,NS,Elmsdale,44.97537,-63.49725
4536889,01:00.1,CA,AB,Edmonton,53.587,-113.441
4536975,01:07.9,CA,QC,Alma,48.54054,-71.65407
4536993,01:04.9,CA,AB,Cold Lake,54.4792,-110.203
4537042,01:06.4,CA,ON,Thunder Bay,48.4527,-89.2162
4537116,01:06.5,CA,ON,Toronto,43.6552,-79.4468
4537119,01:06.8,CA,QC,Montréal,45.47181,-73.60477
4537157,01:06.4,CA,ON,Barrie,44.3572,-79.6929
4537227,01:06.5,CA,ON,Toronto,43.6552,-79.4468
4537240,01:06.5,CA,ON,Pembroke,45.7466,-77.2047
4537310,01:06.9,CA,AB,Calgary,50.9316,-114.096
4537357,01:07.0,CA,AB,Calgary,50.9632,-114.082
4537367,01:07.5,CA,ON,Newmarket,44.039,-79.4724
4537426,01:07.8,CA,ON,Mississauga,43.56962,-79.66056
4537482,01:07.5,CA,ON,Newmarket,44.039,-79.4724
4537577,01:04.9,CA,AB,Edmonton,53.4104,-113.517
4537648,01:06.6,CA,AB,Sherwood Park,53.5449,-113.318
4537670,01:06.9,CA,AB,Calgary,50.9583,-114.068
4537692,01:04.9,CA,AB,Edmonton,53.4104,-113.517
4537728,01:06.9,CA,AB,Calgary,50.9505,-113.947
4537777,01:07.0,CA,AB,Canmore,51.0876,-115.3461
4537804,01:07.4,CA,ON,Oshawa,43.8894,-78.8766
4537831,01:08.1,CA,ON,Kitchener,43.4381,-80.5099
4537923,01:08.3,CA,ON,Mississauga,43.57717,-79.65677
4537942,01:08.5,CA,AB,Sherwood Park,53.5263,-113.287
4538007,01:06.8,CA,ON,Brampton,43.7694,-79.7643
4538059,01:07.0,CA,QC,Montréal,45.5047,-73.5558
4538111,01:07.0,CA,ON,Richmond Hill,43.8939,-79.4375
4538202,01:07.1,CA,AB,Calgary,51.0829,-114.095
4538211,01:07.3,CA,ON,North York,43.7302,-79.4951
4538265,01:08.0,CA,SK,Saskatoon,52.1218,-106.645
4538348,01:08.1,CA,NS,New Waterford,46.2492,-60.0881
4538400,01:08.3,CA,NS,New Waterford,46.2492,-60.0881
4538477,01:08.6,CA,AB,Sherwood Park,53.51967,-113.31028
4538554,01:11.1,CA,AB,Calgary,50.9093,-114.1028
4538577,01:08.5,CA,AB,Calgary,51.12598,-114.24403
4538622,01:11.4,CA,BC,Vancouver,49.2241,-123.12111
4538660,01:11.6,CA,ON,Markham,43.8598,-79.3296
4538754,01:11.7,CA,AB,Calgary,51.0915,-114.2073
4538830,01:11.8,CA,BC,Vancouver,49.2241,-123.12111
4538882,01:12.4,CA,BC,Coquitlam,49.25072,-122.89075
4538975,01:09.1,CA,ON,East York,43.6906,-79.3125
4539053,01:11.5,CA,ON,Brantford,43.1508,-80.2094
4539118,01:11.5,CA,ON,Brantford,43.1508,-80.2094
4539149,01:11.9,CA,ON,Dundas,43.2608,-79.9627
4539241,01:12.0,CA,ON,Brampton,43.6656,-79.747
4539333,01:13.1,CA,AB,Sherwood Park,53.52245,-113.33122
4539391,01:11.5,CA,ON,Brantford,43.1508,-80.2094
4539408,01:11.5,CA,AB,Calgary,51.03104,-113.96829
4539480,01:11.5,CA,AB,Calgary,51.0494,-113.9564
4539574,01:11.8,CA,ON,Brantford,43.1508,-80.2094
4539645,01:11.9,CA,ON,Brantford,43.1508,-80.2094
4539735,01:13.7,CA,QC,Saint Léonard,45.58741,-73.59414
4539814,01:14.0,CA,ON,North York,43.7675,-79.3804
4539859,01:11.9,CA,ON,Brantford,43.1508,-80.2094
4539928,01:10.4,CA,AB,Calgary,51.0876,-114.0214
4540008,01:10.8,CA,ON,North York,43.7318,-79.4182
4540074,01:12.0,CA,ON,Brampton,43.6656,-79.747
4540132,01:10.8,CA,ON,North York,43.7318,-79.4182
4540188,01:12.4,CA,QC,Montréal,45.47748,-73.56867
4540255,01:11.8,CA,ON,Toronto,43.66096,-79.37224
4540294,01:12.4,CA,BC,Coquitlam,49.25065,-122.89072
4540316,01:12.5,CA,ON,Brantford,43.1508,-80.2094
4540328,01:13.1,CA,AB,Fort Mcmurray,56.7199,-111.357
4540412,01:14.4,CA,SK,Regina,50.4251,-104.5389
4540459,01:14.6,CA,SK,Saskatoon,52.1218,-106.645
4540492,01:14.7,CA,AB,Edmonton,53.58879,-113.4465
4540544,01:18.4,CA,SK,Saskatoon,52.1225,-106.72488
4540621,01:14.5,CA,AB,Edmonton,53.50825,-113.61793
4540660,01:14.7,CA,QC,Montréal,45.47748,-73.56867
4540741,01:15.4,CA,AB,Sherwood Park,53.52245,-113.33122
4540760,01:14.5,CA,AB,Edmonton,53.50825,-113.61793
4540807,01:14.8,CA,AB,Edmonton,53.6112,-113.5746
4540894,01:15.4,CA,AB,Sherwood Park,53.52245,-113.33122
4540933,01:16.7,CA,AB,Edmonton,53.6313,-113.5245
4540995,01:17.4,CA,AB,Calgary,50.95738,-114.22057
4541039,01:21.5,CA,AB,Edmonton,53.61245,-113.53369
4541117,01:21.7,CA,ON,Barrie,44.3303,-79.7268
4541193,01:22.0,CA,ON,Woodbridge,43.82505,-79.58111
4541287,01:22.0,CA,ON,Gloucester,45.42514,-75.60325
4541367,01:22.4,CA,AB,Calgary,51.0571,-114.077
4541370,01:22.7,CA,ON,Whitby,43.8866,-78.975
4541436,01:23.7,CA,AB,Calgary,51.12598,-114.24403
4541506,01:20.7,CA,AB,Beaumont,53.3501,-113.4187
4541518,01:21.4,CA,ON,Scarborough,43.7084,-79.2856
4541570,01:21.6,CA,QC,Trois-Rivières,46.4778,-72.6493
4541655,01:21.6,CA,ON,Ottawa,45.3951,-75.6302
4541681,01:22.0,CA,ON,Toronto,43.6781,-79.2954
4541716,01:22.0,CA,ON,Toronto,43.6781,-79.2954
4541815,01:22.2,CA,AB,Calgary,50.8837,-114.0326
4541856,01:22.4,CA,AB,Calgary,51.0571,-114.077
4541913,01:24.0,CA,AB,Leduc,53.2668,-113.552
4541993,01:21.6,CA,ON,Essex,42.172,-82.823
4542053,01:21.7,CA,ON,Toronto,43.6459,-79.3857
4542144,01:21.8,CA,ON,Scarborough,43.77653,-79.30999
4542215,01:22.0,CA,ON,Mississauga,43.60091,-79.70959
4542273,01:22.3,CA,NS,Halifax,44.6385,-63.5838
4542365,01:22.5,CA,ON,Saint Catharines,43.195,-79.284
4542393,01:22.6,CA,AB,Calgary,51.0571,-114.077
4542437,01:23.4,CA,ON,Toronto,43.7068,-79.3991
4542477,01:22.5,CA,ON,Saint Catharines,43.195,-79.284
4542519,01:23.8,CA,ON,Toronto,43.7264,-79.3978
4542616,01:24.4,CA,AB,Calgary,50.9093,-114.1028
4542709,01:19.8,CA,AB,Sherwood Park,53.5167,-113.3167
4542737,01:19.9,CA,SK,Saskatoon,52.1225,-106.72488
4542803,01:21.5,CA,ON,Saint Catharines,43.1644,-79.2456
4542896,01:21.6,CA,ON,Orillia,44.6078,-79.4175
4542961,01:19.8,CA,AB,Sherwood Park,53.5167,-113.3167
4543004,01:21.8,CA,ON,Richmond Hill,43.8939,-79.4375
4543077,01:22.0,CA,AB,Calgary,51.06678,-114.05379
4543152,01:19.9,CA,SK,Saskatoon,52.1225,-106.72488
4543179,01:22.0,CA,ON,Mississauga,43.5769,-79.6283
4543187,01:22.4,CA,AB,Calgary,51.0571,-114.077
4543271,01:22.7,CA,QC,Saint-Jean-Sur-Richelieu,45.2948,-73.2637
4543313,01:23.6,CA,AB,Calgary,51.12598,-114.24403
4543389,01:23.7,CA,ON,Saint Catharines,43.195,-79.284
4543459,01:24.2,CA,BC,Vancouver,49.2241,-123.12111
4543490,01:24.7,CA,ON,North York,43.74233,-79.4373
4543587,01:21.7,CA,ON,Timmins,48.4773,-81.3364
4543680,01:21.8,CA,ON,Mississauga,43.5738,-79.7193
4543700,01:21.8,CA,ON,Sioux Lookout,50.0979,-91.922
4543707,01:22.1,CA,AB,Edmonton,53.6585,-113.3614
4543795,01:22.1,CA,ON,Concord,43.8061,-79.5008
4543812,01:22.1,CA,AB,Calgary,51.0367,-113.985
4543837,01:21.8,CA,ON,Sioux Lookout,50.0979,-91.922
4543899,01:22.2,CA,ON,Fort Erie,42.9052,-78.9365
4543977,01:22.5,CA,ON,Mississauga,43.5769,-79.6283
4544067,01:22.6,CA,AB,Calgary,51.0571,-114.077
4544161,01:22.6,CA,AB,Calgary,51.06678,-114.05379
4544209,01:22.5,CA,ON,Mississauga,43.5769,-79.6283
4544260,01:23.0,CA,AB,Edmonton,53.5442,-113.495
4544322,01:24.1,CA,ON,Toronto,43.7068,-79.3991
4544403,01:22.6,CA,AB,Calgary,51.0571,-114.077
4544493,01:24.7,CA,SK,Saskatoon,52.1218,-106.645
4544503,01:25.3,CA,AB,Edmonton,53.59728,-113.43922
4544563,01:23.9,CA,ON,Toronto,43.76931,-79.32227
4544577,01:24.8,CA,ON,Nepean,45.2778,-75.7563
4544592,01:23.9,CA,ON,Toronto,43.76931,-79.32227
4544652,01:26.7,CA,ON,Mississauga,43.5355,-79.6915
4544745,01:28.4,CA,AB,Edmonton,53.54812,-113.59423
4544758,01:27.0,CA,ON,Burlington,43.3454,-79.8473
4544762,01:27.7,CA,AB,Fort Mcmurray,56.7377,-111.438
4544842,01:27.0,CA,ON,Burlington,43.3454,-79.8473
4544913,01:28.1,CA,QC,Montréal,45.5047,-73.5558
4544995,01:28.7,CA,ON,Wingham,43.9005,-81.3169
4545079,01:28.2,CA,AB,Edmonton,53.51198,-113.5852
4545146,01:28.5,CA,ON,London,43.0061,-81.2962
4545195,01:28.8,CA,ON,London,42.9334,-81.2258
4545255,01:28.9,CA,ON,London,42.9832,-81.2847
4545330,01:29.2,CA,ON,Waterloo,43.4678,-80.584
4545332,01:29.4,CA,ON,Waterloo,43.4678,-80.584
4545416,01:29.4,CA,ON,Waterloo,43.4678,-80.584
4545503,01:29.5,CA,ON,London,42.9816,-81.2473
4545548,01:29.6,CA,ON,Guelph,43.5425,-80.2676
4545552,01:29.7,CA,ON,Scarborough,43.81668,-79.21307
4545609,01:29.7,CA,ON,Windsor,42.3297,-82.9482
4545626,01:29.8,CA,ON,Guelph,43.5776,-80.2201
4545651,01:29.9,CA,ON,Windsor,42.32338,-82.93668
4545705,01:29.9,CA,ON,Waterloo,43.4737,-80.5309
4545752,01:25.2,CA,ON,Toronto,43.7068,-79.3991
4545805,01:26.7,CA,AB,Red Deer,52.3116,-113.842
4545807,01:27.2,CA,ON,Markham,43.85883,-79.29809
4545847,01:28.4,CA,ON,Stratford,43.3716,-80.9773
4545925,01:28.6,CA,ON,London,42.9334,-81.2258
4545953,01:28.8,CA,ON,London,42.9334,-81.2258
4545997,01:28.9,CA,ON,Windsor,42.3297,-82.9482
4546068,01:29.0,CA,ON,Windsor,42.3297,-82.9482
4546150,01:29.3,CA,ON,Windsor,42.2908,-82.987
4546236,01:29.7,CA,ON,Windsor,42.2908,-82.987
4546255,01:29.7,CA,ON,Brantford,43.1207,-80.2893
4546337,01:29.9,CA,ON,London,42.9832,-81.2847
4546413,01:29.7,CA,ON,Brantford,43.1207,-80.2893
4546471,01:30.0,CA,ON,Chatham,42.4247,-82.1755
4546560,01:27.1,CA,AB,Fort Mcmurray,56.72181,-111.46993
4546585,01:28.1,CA,AB,Calgary,51.0412,-114.0762
4546665,01:29.1,CA,ON,London,42.9399,-81.2709
4546723,01:29.1,CA,ON,Windsor,42.2957,-82.9599
4546751,01:27.1,CA,AB,Fort Mcmurray,56.72181,-111.46993
4546802,01:29.5,CA,ON,Woodstock,43.12886,-80.75007
4546873,01:29.6,CA,ON,Brantford,43.1772,-80.248
4546924,01:29.6,CA,AB,Calgary,51.1377,-114.149
4547001,01:29.7,CA,ON,Windsor,42.2957,-82.9599
4547034,01:29.8,CA,ON,Kitchener,43.4233,-80.5383
4547131,01:29.9,CA,ON,Stratford,43.3716,-80.9773
4547179,01:30.3,CA,ON,Guelph,43.5425,-80.2676
4547270,01:31.2,CA,ON,Kitchener,43.4453,-80.4905
4547352,01:31.8,CA,ON,Windsor,42.3297,-82.9482
4547372,01:31.2,CA,ON,Kitchener,43.4453,-80.4905
4547425,01:29.5,CA,ON,Guelph,43.5776,-80.2201
4547459,01:29.6,CA,ON,Kitchener,43.4233,-80.5383
4547529,01:30.3,CA,ON,Kitchener,43.4631,-80.4493
4547593,01:29.6,CA,ON,Kitchener,43.4233,-80.5383
4547683,01:30.9,CA,ON,Kitchener,43.4278,-80.5135
4547754,01:31.3,CA,ON,London,42.9399,-81.2709
4547828,01:32.0,CA,ON,London,42.9923,-81.2531
4547866,01:32.5,CA,ON,London,42.9611,-81.2431
4547922,01:33.3,CA,AB,Edmonton,53.54812,-113.59423
4547930,01:33.6,CA,ON,Windsor,42.2957,-82.9599
4547950,01:33.7,CA,ON,Owen Sound,44.5642,-80.9428
4548012,01:33.8,CA,ON,Owen Sound,44.5642,-80.9428
4548076,01:29.4,CA,ON,Waterloo,43.499,-80.5063
4548077,01:33.7,CA,ON,Owen Sound,44.5642,-80.9428
4548153,01:29.5,CA,AB,Calgary,50.9894,-114.052
4548199,01:29.5,CA,ON,Windsor,42.2545,-82.9809
4548252,01:29.5,CA,AB,Calgary,50.9894,-114.052
4548318,01:29.6,CA,ON,Windsor,42.3297,-82.9482
4548408,01:29.7,CA,AB,Calgary,51.0524,-114.038
4548444,01:29.7,CA,ON,London,42.9832,-81.2847
4548524,01:29.7,CA,ON,Brantford,43.1772,-80.248
4548529,01:29.7,CA,ON,Brantford,43.1772,-80.248
4548559,01:29.9,CA,ON,Sarnia,42.9711,-82.396
4548571,01:30.2,CA,ON,London,43.0061,-81.2962
4548577,01:30.7,CA,QC,Montréal,45.5047,-73.5558
4548646,01:30.7,CA,QC,Montréal,45.5047,-73.5558
4548677,01:30.2,CA,ON,London,43.0061,-81.2962
4548710,01:30.7,CA,ON,London,42.9529,-81.3239
4548765,01:31.0,CA,ON,London,43.0346,-81.2554
4548784,01:31.3,CA,ON,Guelph,43.5412,-80.2469
4548821,01:31.3,CA,ON,Kitchener,43.4134,-80.496
4548869,01:31.4,CA,ON,Waterloo,43.4634,-80.5201
4548963,01:31.4,CA,ON,Waterloo,43.4634,-80.5201
4549003,01:31.6,CA,ON,Brantford,43.14094,-80.26627
4549028,01:31.9,CA,ON,London,42.9923,-81.2531
4549058,01:31.9,CA,ON,London,42.9529,-81.3239
4549093,01:32.0,CA,ON,Guelph,43.5412,-80.2469
4549128,01:32.1,CA,ON,London,42.9611,-81.2431
4549153,01:32.3,CA,ON,London,42.9923,-81.2531
4549228,01:32.3,CA,ON,London,42.9923,-81.2531
4549253,01:32.5,CA,ON,London,43.0004,-81.2343
4549328,01:32.6,CA,ON,Sarnia,42.9711,-82.396
4549383,01:31.6,CA,ON,Brantford,43.14094,-80.26627
4549413,01:32.6,CA,QC,Saint-Constant,45.3668,-73.5659
4549465,01:33.2,CA,ON,London,42.9611,-81.2431
4549466,01:32.6,CA,ON,Sarnia,42.9711,-82.396
4549533,01:33.3,CA,ON,London,42.9611,-81.2431
4549592,01:33.4,CA,ON,Waterloo,43.4737,-80.5309
4549619,01:33.4,CA,ON,London,42.9611,-81.2431
4549651,01:33.6,CA,ON,Waterloo,43.43926,-80.55534
4549734,01:34.0,CA,AB,Calgary,51.0915,-114.2073
4549759,01:34.1,CA,ON,London,42.9611,-81.2431
4549850,01:34.2,CA,ON,Brantford,43.14094,-80.26627
4549947,01:30.0,CA,ON,London,43.0117,-81.2775
4550037,01:34.2,CA,ON,Brantford,43.14094,-80.26627
4550099,01:30.7,CA,ON,London,42.9529,-81.3239
4550156,01:30.8,CA,ON,Kitchener,43.4453,-80.4905
4550175,01:31.0,CA,ON,London,43.0346,-81.2554
4550209,01:31.6,CA,ON,Guelph,43.5425,-80.2676
4550218,01:31.7,CA,AB,Calgary,50.8889,-113.991
4550267,01:31.8,CA,ON,Guelph,43.5425,-80.2676
4550315,01:32.0,CA,ON,Brantford,43.1508,-80.2094
4550402,01:32.1,CA,ON,Guelph,43.5215,-80.2338
4550405,01:32.7,CA,ON,London,42.9334,-81.2258
4550488,01:33.3,CA,ON,Kitchener,43.4453,-80.4905
4550544,01:33.3,CA,ON,London,42.9699,-81.2081
4550602,01:33.3,CA,ON,London,43.0061,-81.2962
4550701,01:33.4,CA,ON,Sarnia,42.96866,-82.40455
4550772,01:33.4,CA,ON,London,43.0061,-81.2962
4550808,01:33.4,CA,ON,Sarnia,42.96866,-82.40455
4550872,01:34.5,CA,ON,Waterloo,43.4737,-80.5309
4550897,01:30.3,CA,ON,Waterloo,43.4634,-80.5201
4550906,01:30.4,CA,ON,London,42.9699,-81.2081
4550969,01:30.9,CA,ON,Waterloo,43.4634,-80.5201
4550996,01:31.0,CA,ON,Saint Thomas,42.78274,-81.15057
4551001,01:31.1,CA,ON,London,43.0346,-81.2554
4551086,01:31.3,CA,ON,Brantford,43.1772,-80.248
4551115,01:31.4,CA,ON,North York,43.78248,-79.41783
4551178,01:31.3,CA,ON,Brantford,43.1772,-80.248
4551235,01:31.4,CA,ON,Kitchener,43.4381,-80.5099
4551302,01:31.6,CA,ON,Guelph,43.5425,-80.2676
4551370,01:31.7,CA,ON,London,42.993,-81.16